{"epoch": 199, "loss": 0.02099323491678013, "mse_loss": 0.02099323491678013, "reg_loss": 0.08233125923523445, "_timestamp": 1708453513.910013, "_runtime": 118.79127597808838, "_step": 199, "Testing Loss": 0.07676556384670577, "_wandb": {"runtime": 122}}