{"epoch": 499, "loss": 0.1531178676394119, "mse_loss": 0.09100384325149402, "reg_loss": 0.12313968322189507, "_timestamp": 1708452034.6071362, "_runtime": 142.38743114471436, "_step": 499, "Testing Loss": 0.5444007629494219, "_wandb": {"runtime": 142}}