{"epoch": 499, "loss": 0.05218848065315788, "mse_loss": 0.038013511583986595, "reg_loss": 0.035757649574050296, "_timestamp": 1708452777.237538, "_runtime": 281.99235916137695, "_step": 499, "Testing Loss": 0.20066133844748563, "_wandb": {"runtime": 296}}