{"epoch": 358, "loss": 0.04521542933537163, "mse_loss": 0.04521542933537163, "reg_loss": 0.21384083136930845, "_timestamp": 1708453062.5510285, "_runtime": 197.42698454856873, "_step": 358}