{"epoch": 199, "loss": 0.018239171906690933, "mse_loss": 0.018239171906690933, "reg_loss": 0.1959986459882347, "_timestamp": 1708453317.1785624, "_runtime": 116.96752834320068, "_step": 199, "Testing Loss": 0.06688506884645139, "_wandb": {"runtime": 132}}